{
	"pages": [ //pages数组中第一项表示应用启动页，参考：https://uniapp.dcloud.io/collocation/pages
		{
			"path": "pages/index/index",
			"style": {
				"navigationBarTitleText": "",
				"navigationBarBackgroundColor": "#00FF7F",
				"navigationBarTextStyle": "white"
			}
		},
		{
			"path" : "pages/courses/courses",
			"style" : 
			{
				"navigationBarTitleText" : "课程",
				"navigationBarBackgroundColor": "#FF0000",
				"navigationBarTextStyle": "black"
			}
		},
		{
			"path" : "pages/shop/shop",
			"style" : 
			{
				"navigationBarTitleText" : "购物车",
				"navigationBarBackgroundColor": "#FF1493",
				"navigationBarTextStyle": "white"
			}
		},
		{
			"path" : "pages/owner/owner",
			"style" : 
			{
				"navigationBarTitleText" : "我的",
				"navigationBarBackgroundColor": "#FF7F24",
				"navigationBarTextStyle": "black"
			}
		},
		{
			"path" : "pages/detail/detail",
			"style" : 
			{
				"navigationBarTitleText" : ""
			}
		}
	],
	"tabBar": {
		"list": [
			{
				"pagePath": "pages/index/index",
				"text": "首页",
				"iconPath": "static/images/home.png",
				"selectedIconPath": "static/images/homeL.png"
			},
			{
				"pagePath": "pages/courses/courses",
				"text": "课程",
				"iconPath": "static/images/收藏.png",
				"selectedIconPath": "static/images/收藏L.png"
			},
			{
				"pagePath": "pages/shop/shop",
				"text": "购物车",
				"iconPath": "static/images/购物车.png",
				"selectedIconPath": "static/images/购物车.png"
			},
			{
				"pagePath": "pages/owner/owner",
				"text": "我的",
				"iconPath": "static/images/people.png",
				"selectedIconPath": "static/images/peopleL.png"
			}
		]
	},
	"globalStyle": {
		"navigationBarTextStyle": "black",
		"navigationBarTitleText": "uni-app",
		"navigationBarBackgroundColor": "#F8F8F8",
		"backgroundColor": "#F8F8F8"
	},
	"uniIdRouter": {}
}
